<rss version="2.0">
<channel>
    <title>RSS Title</title>
    <description>RSS feed</description>
    <link>file:///Users/anitaprabhakar/Desktop/iit/Labs/Lab3/projects.html</link>
    <lastBuildDate>Sun, 3 Oct 2021 00:01:00 +0000</lastBuildDate>
    <pubDate>Tue, 5 Oct 2021 00:01:00 +0000</pubDate>

<item>
    <title>‘Venom: Let There Be Carnage’ Review: The One-Man Odd Couple Returns</title>
    <description>Starring Tom Hardy, this superhero sequel turns into a slapstick blood bath about two threesomes both in desperate need of throuples therapy. Created by Amy Nicholson</description>
    <link>https://www.nytimes.com/2021/09/30/movies/venom-let-there-be-carnage-review.html</link>
    <guid isPermaLink="true">https://www.nytimes.com/2021/09/30/movies/venom-let-there-be-carnage-review.html</guid>
    <pubDate>Thu, 30 Sep 2021 13:00:09 +0000</pubDate>
    <category domain="http://www.nytimes.com/namespaces/keywords/des">Movies</category>
    <category domain="http://www.nytimes.com/namespaces/keywords/nyt_ttl">Venom: Let There Be Carnage (Movie)</category>
    <category domain="http://www.nytimes.com/namespaces/keywords/nyt_per">Hardy, Tom (1977- )</category>
    <category domain="http://www.nytimes.com/namespaces/keywords/nyt_per">Serkis, Andy</category>
</item>

<item>
    <title>Robot vacuums are learning to avoid dog poop. But that’s not all they can see.</title>
    <description>iRobot's new robot vacuum uses a front-facing camera and artificial intelligence to deftly maneuver your home. However these tools require more data. Created by Dalvin Brown</description>
    <link>https://www.washingtonpost.com/technology/2021/09/14/roomba-ai-vacuum-dog-poop/</link>
    <guid isPermaLink="true">https://www.washingtonpost.com/technology/2021/09/14/roomba-ai-vacuum-dog-poop/</guid>
    <pubDate>Tue, 14 Sep 2021 12:44:05 +0000</pubDate>
</item>

<item>
    <title>What to Expect on Your Next Cruise Vacation</title>
    <link>https://travel.usnews.com/features/what-to-expect-on-your-next-cruise-vacation</link>
    <description>Ready to hit the high seas? Here&amp;#39;s what you need to know.</description>
    <pubDate>Thu, 26 Aug 2021 13:00:00 GMT</pubDate>
    <author>nwood@usnews.com (Nicola Wood)</author>
    <guid isPermaLink="true">https://travel.usnews.com/features/what-to-expect-on-your-next-cruise-vacation</guid>
</item>

<item>
    <link>https://www.music-news.com/review/UK/14727/Live/The-Vamps</link>
    <title>The Vamps - Eventim Apollo in Hammersmith</title>
    <description>On Friday night, The Vamps took to the stage at the Eventim Apollo in Hammersmith for their ‘Cherry Blossom’ tour, the title of their most</description>
    <pubDate>Mon, 20 Sep 2021 21:10:00 +0100</pubDate>
    <guid>https://www.music-news.com/review/UK/14727/Live/The-Vamps</guid>
    <enclosure type="image/jpeg" url="https://www.music-news.com/images/covers/vamps.jpg" length="0">
    </enclosure>
    <media:content url="https://www.music-news.com/images/covers/vamps.jpg" medium="image" width="300" height="300" type="image/jpeg" xmlns:media="http://search.yahoo.com/mrss/" />
</item>

<item>
    <title>New Mushroom and Toadstool Identification App, the first app dedicated solely to British Fungi</title>
    <link>https://www.realwire.com/releases/New-Mushroom-Toadstool-Identification-App-app-dedicated-to-British-Fungi</link>
    <enclosure url="https://www.realwire.com/twitter_writeitfiles/PennyBun.jpg" length="8541" type="image/jpg"/>
    <description><![CDATA[ 'Mushrooms &amp; Toadstools UK' is a new iOS app for the identification of wild fungi in Britain. Despite the number of apps available, this is the only fungus app dedicated to British fungi, using the recognised English names. The release has been timed to coincide with peak mushroom season.The app has been developed by British nature app specialists, iSpiny. The app&#8217;s main developer, Dr Hilary Lind, explains the idea behind the app: &#8220;At this time... Source: RealWire ]]></description>
    <pubDate>Thu, 29 Sep 2016 08:00:00 +0100</pubDate>
    <guid isPermaLink="true">https://www.realwire.com/releases/New-Mushroom-Toadstool-Identification-App-app-dedicated-to-British-Fungi</guid>
</item>

</channel>
</rss>