<?xml version="1.0" encoding="utf-8"?>
<feed xmlns="http://www.w3.org/2005/Atom">

    <title>Example Feed</title>
    <link href="http://example.org/"/>
    <updated>2021-03-10T18:30:02Z</updated> 
    <author>
        <name>Anita Prabhakar</name>
    </author>
    <id>urn:uuid:60a76c80-d399-11d9-b91C-0003939e0af6</id>

    <entry>
        <title>‘Venom: Let There Be Carnage’ Review: The One-Man Odd Couple Returns</title>
        <link href="https://www.nytimes.com/2021/09/30/movies/venom-let-there-be-carnage-review.html" />
        <id>https://www.nytimes.com/2021/09/30/movies/venom-let-there-be-carnage-review.html</id>
        <updated>2021-09-30T13:00:09.05Z</updated>
        <summary>Starring Tom Hardy, this superhero sequel turns into a slapstick blood bath about two threesomes both in desperate need of throuples therapy.</summary>
    </entry>

    <entry>
        <title>Robot vacuums are learning to avoid dog poop. But that’s not all they can see.</title>
        <link href="https://www.washingtonpost.com/technology/2021/09/14/roomba-ai-vacuum-dog-poop/" />
        <id>https://www.washingtonpost.com/technology/2021/09/14/roomba-ai-vacuum-dog-poop/</id>
        <updated>2021-09-14T12:44:05Z</updated>
        <summary>iRobot's new robot vacuum uses a front-facing camera and artificial intelligence to deftly maneuver your home. However these tools require more data.</summary>
    </entry>

    <entry>
        <title>What to Expect on Your Next Cruise Vacation</title>
        <link href="https://travel.usnews.com/features/what-to-expect-on-your-next-cruise-vacation" />
        <summary>Ready to hit the high seas? Here&amp;#39;s what you need to know.</summary>
        <updated>2021-08-26T13:00:00Z</updated>
        <id>https://travel.usnews.com/features/what-to-expect-on-your-next-cruise-vacation</id>
    </entry>

    <entry>
        <title>The Vamps - Eventim Apollo in Hammersmith</title>
        <link href="https://www.music-news.com/review/UK/14727/Live/The-Vamps" />
        <summary>On Friday night, The Vamps took to the stage at the Eventim Apollo in Hammersmith for their ‘Cherry Blossom’ tour, the title of their most</summary>
        <updated>2021-09-20T21:10:00Z</updated>
        <id>https://www.music-news.com/review/UK/14727/Live/The-Vamps</id>
    </entry>

    <entry>
        <title>New Mushroom and Toadstool Identification App, the first app dedicated solely to British Fungi</title>
        <link href="https://www.realwire.com/releases/New-Mushroom-Toadstool-Identification-App-app-dedicated-to-British-Fungi" />
        <summary>'Mushrooms &amp; Toadstools UK' is a new iOS app for the identification of wild fungi in Britain. Despite the number of apps available, this is the only fungus app dedicated to British fungi, using the recognised English names. The release has been timed to coincide with peak mushroom season.The app has been developed by British nature app specialists, iSpiny. The app&#8217;s main developer, Dr Hilary Lind, explains the idea behind the app: &#8220;At this time... Source: RealWire </summary>
        <updated>2016-09-26T08:00:00Z</updated>
        <id>https://www.realwire.com/releases/New-Mushroom-Toadstool-Identification-App-app-dedicated-to-British-Fungi</id>
    </entry>
</feed>
